params,mean_test_score,std_test_score,mean_fit_time
"{'svc__C': 0.01, 'svc__kernel': 'linear'}",0.7462970907415352,0.010655177732466485,1.1439613819122314
"{'svc__C': 1, 'svc__kernel': 'linear'}",0.7462969525771459,0.01177985672363506,2.566008424758911
"{'svc__C': 0.1, 'svc__kernel': 'linear'}",0.7458268482423072,0.01143099870890219,1.3326857089996338
"{'svc__C': 1, 'svc__gamma': 0.005, 'svc__kernel': 'rbf'}",0.7453564675786898,0.009019463838880904,1.0805226802825927
"{'svc__C': 1, 'svc__gamma': 0.001, 'svc__kernel': 'rbf'}",0.7446515528641132,0.009234588400018128,1.0654080390930176
"{'svc__C': 1, 'svc__gamma': 0.01, 'svc__kernel': 'rbf'}",0.7444161207446232,0.009906036361965024,1.0556729316711426
"{'svc__C': 10, 'svc__gamma': 0.001, 'svc__kernel': 'rbf'}",0.7440633870585561,0.011840834626568007,1.055609130859375
"{'svc__C': 10, 'svc__gamma': 0.005, 'svc__kernel': 'rbf'}",0.7438282312678448,0.010556370390386887,1.2509063720703124
"{'svc__C': 0.001, 'svc__kernel': 'linear'}",0.7432407562842346,0.008419338752925802,1.3876724720001221
"{'svc__C': 0.1, 'svc__gamma': 0.01, 'svc__kernel': 'rbf'}",0.7432406181198452,0.008046000615976306,1.1081401348114013
"{'svc__C': 0.1, 'svc__gamma': 'scale', 'svc__kernel': 'rbf'}",0.7428878844337782,0.010461395498827056,1.107890796661377
"{'svc__C': 0.1, 'svc__gamma': 0.005, 'svc__kernel': 'rbf'}",0.7427704447028118,0.009524236624013855,1.1113179206848145
"{'svc__C': 1, 'svc__gamma': 'scale', 'svc__kernel': 'rbf'}",0.7422998567926105,0.010512738194850105,1.3021713256835938
"{'svc__C': 0.1, 'svc__gamma': 0.001, 'svc__kernel': 'rbf'}",0.7419477448462957,0.008260429176652791,1.1379581928253173
"{'svc__C': 10, 'svc__gamma': 0.01, 'svc__kernel': 'rbf'}",0.7399491278718331,0.009740249625081342,1.534557008743286
"{'svc__C': 10, 'svc__gamma': 'scale', 'svc__kernel': 'rbf'}",0.7308973569843135,0.008609487898981336,2.0637829303741455
